current_time,temperature,usage_cpu1,usage_cpu2,usage_cpu3,usage_cpu4,memory_cpu,memory_gpu,frequency_cpu,frequency_core,loadavg_1,loadavg_5,loadavg_15
210613-01:04:09,3.545095941324022,24.209067596077194,14.332560622386648,56.48767841388681,68.51784149052654,414.0059978504854,351.014404700856,722.9192122574984,416.7869024300993,1.484936060219987,0.6336224964557233,0.6853894327969119
210613-01:04:09,9.206134425561634,59.07390909680037,64.47650632180357,46.525206602445415,89.33836788966946,781.7278294226951,401.3285032709617,298.3280204838645,408.3371973652249,0.6085170580196995,0.7667550927104896,1.7323910141569085
210613-01:04:10,38.99039069869853,47.13183972548413,38.9454165389014,57.5637681837724,35.09909161031926,465.2184924732494,541.204060630732,858.8819396914679,803.1408038080634,0.9730819810624649,1.8110152572064533,0.11681642812254744
210613-01:04:10,52.312435494301326,53.573986306447885,51.47087292706952,31.153453855503997,7.720181667852788,563.898452465865,59.75723596296911,10.31494462704896,996.4710423119841,1.1002133991733214,0.2527777511559264,1.0707481886838703
210613-01:04:11,60.41783073553573,15.833759549753157,20.604038200374795,54.06748235505838,23.401015407147383,107.60872463315707,130.2599447974504,812.5479454366279,968.4959780755091,1.2280447128774539,0.8132609742858214,1.5272317975282446
210613-01:04:11,10.480335924129667,62.77554739319148,32.931821189107715,92.83857678881922,43.925273744290784,912.8931234543023,758.7188156750022,867.3534274458239,668.0000837204822,1.6638839511161865,1.093856753524288,1.8296301400357668
210613-01:04:12,49.099138437663534,30.614664829449968,52.87474549126864,84.74179813595946,16.983905844064807,930.9518315465023,214.3465447790368,70.42215778496974,634.3140757398882,1.8235549046195105,0.544272103369615,0.5083516913899868
210613-01:04:12,55.928133470645186,52.519531539145305,74.46721361305461,22.686608073198666,24.415802510842777,113.35941149473084,134.67859318794874,694.5554771676774,279.52295741381937,0.5625165972122537,0.45172222665617734,0.8646062564369241
210613-01:04:13,19.845496387152032,19.286509787364594,84.4973546757211,25.907810764902408,94.46342065385191,297.7401146397013,56.06032944647732,439.9806774631737,324.6309385253353,1.9401847056266208,0.2523045024596482,1.729239374529474
210613-01:04:13,1.2658939751183285,86.8762289385175,73.80499003557959,22.75752354544609,37.99293303465059,698.5203748805977,357.1696910826957,380.08372152967905,526.3344072214121,1.0164948969978886,0.49351603895322493,1.1018362857435327
210613-01:04:14,68.63191798342675,12.464234416813003,32.490803735907605,47.10467442899382,26.91385134871386,210.67892401870637,432.3743415629397,245.35638542374105,610.8533076909571,1.1442410824862967,1.3157294351469497,1.0887755499310419
210613-01:04:14,34.61962281028878,82.11824740116123,37.0378627612487,8.308741272476706,54.898961689910244,889.5550132343827,451.14689601613014,501.00574851273007,313.5932898008074,0.7523686552583664,1.946434282406627,1.513392998062707
210613-01:04:15,46.168063902580236,62.303800086077885,43.948689154211266,12.115681320761473,8.980684691306518,954.929323614519,256.10134704267097,997.5986415198628,568.2102161324564,1.4238695404686947,1.7747996912104573,0.9100034824437275
210613-01:04:15,13.967143961572372,99.19647681710599,89.79448773217456,19.273989491820565,97.16333985038754,715.909918407107,963.3918188086697,723.0910564825368,12.359150568443166,1.605857337682525,0.7147455600137191,1.8804313765582983
210613-01:04:16,38.27840146690943,56.68678925004998,74.42543610431025,79.13654718375437,98.13820077648973,541.1825818959177,354.38420860260777,429.4539243908596,992.2544910990077,1.3948160486814576,1.0516431662426347,1.0398320262133185
210613-01:04:16,26.17101191713464,68.59454335268862,6.099433227892526,2.3835692520525975,29.318166168286307,558.1672472666844,328.8211964350366,962.5164399128615,272.33452114750054,0.9268775912798071,1.3321104852800087,0.49328285902238966
210613-01:04:17,21.147497855117166,22.218485012678237,3.3044854680096103,15.025340957830057,65.03328656076981,310.3554387063984,496.3510164117357,857.1079395274625,193.18370878424585,1.81957955893363,1.5545318018909988,1.659140597040544
210613-01:04:17,47.89191129073456,64.8997036014107,88.75869572212684,86.04796100750347,54.12126509662577,549.9433098359106,565.5581300971272,707.982366476694,786.3816263151515,0.8391923134250996,0.15055006150016892,1.7822147580328946
210613-01:04:18,17.14235033973204,63.24792119722712,32.634102443234895,67.15712460922109,39.11637994890212,123.5286341182641,559.7418079283538,956.7312283550344,823.6319455272345,0.6868093316798487,1.6292814733464183,1.4527406544460213
210613-01:04:18,20.910196014452147,28.477214363392466,13.58789378772255,23.468737644858162,78.34634040926059,424.9490843321041,185.97984023886283,164.95740346477416,794.6153313576706,1.7411014305049999,0.49642100674325285,0.6483337591108012
210613-01:04:19,23.860925476454913,15.255626499615538,18.41710514670184,58.370917698741195,75.489534662524,4.604795479182466,576.9604646922332,792.6605990495191,746.4121383393178,0.28556954344561336,0.3654290246380152,0.8528100809495884
210613-01:04:19,42.79203671708281,90.7937125546462,14.278739979863719,2.715489523130954,50.258288477695515,270.74998913607016,679.3534552700161,606.2616769482557,683.7234343941457,0.8559434284016305,1.2391781156440123,1.3154346432757775
210613-01:04:20,2.832144969920003,33.65443267300796,39.4407087116213,45.64167378828233,89.30927530102537,770.5078376013229,28.7352228692469,651.9387546765988,98.41858850921281,1.5892944864368013,1.5528107106391076,1.184483926866373
210613-01:04:20,58.00142014135934,83.44311355580808,5.370786178464559,15.76704517714913,75.55173422756104,611.2648300265979,444.1465815293414,142.56251082734084,400.3359471598932,0.9837875558549269,0.7617510102999003,1.623300557686509
210613-01:04:21,12.458890725001906,2.913389597130167,68.98310146297841,1.4217831221640886,15.54123652259285,619.3553463179495,558.6577257090172,217.11895364972423,339.58173713379927,0.8651855393586771,1.1274686220160837,1.981873832778113
210613-01:04:21,22.52637380214334,98.7833805312606,45.56667405298348,88.47067894684875,61.46538838552645,129.18481124569337,651.8824363824422,110.5199853854334,553.4403082561383,1.6066798740182422,0.8285862276542497,1.1563830360028275
210613-01:04:22,40.23574497302965,60.84938066687642,70.7774944162548,94.89540895254768,57.09657122711235,176.49158285290113,550.0082778535149,390.6953706833458,524.790316530647,0.7451018789288193,1.3806267479720025,0.4203118826956691
210613-01:04:22,1.8858651790278613,3.0749687703274353,66.41579466774063,26.339258165129376,69.10664780337223,785.8032757329928,665.206589427596,380.80656062688246,748.3403333330652,0.8963591702884672,0.7098352513486867,0.08852756788465022
210613-01:04:23,36.98388142775306,76.00837944083469,11.48130314672925,42.553814009958856,50.576136166384785,433.3151775206558,390.8771273321315,183.08070552361423,833.6463613567249,1.3532323658004428,0.4433208682023271,0.16684477517448348
210613-01:04:23,24.178849761791437,72.26042666078982,13.598141835362455,35.18158015566908,69.96419769295989,847.0313384431353,541.3693057585557,889.8949373333168,579.602021931463,1.8797385626235859,0.6839132249216751,0.7781946117327838
210613-01:04:24,19.34969226596196,12.199742769681588,85.69908285832548,52.040661851016935,34.541407462767935,292.0181811671231,961.3956416360552,329.5837406876017,75.53600678710227,0.5505772137039575,0.8855532156376078,0.8262233242148851
210613-01:04:24,13.592850146293852,81.26729640789604,33.53645156340546,65.82510441961983,45.26595678963962,270.4302410606937,89.42246418511846,109.6895470367425,760.5972004802281,1.9355766459723738,0.012832561605469861,1.8926347836676292
210613-01:04:25,24.37903781619627,96.97899093797129,17.637267364953434,51.85539690014495,39.42367255402887,782.7345881952136,707.2765916323398,598.9360183706295,294.1869228424583,1.8147653380733453,0.6833756740622721,1.0594309084053797
210613-01:04:25,32.26314590459894,30.999264782804193,85.89741124021198,91.92020874443773,96.5779857772333,745.1227643659423,655.3607736559876,651.7650477526204,637.4506980086429,0.09598785988707337,0.20799941306626835,0.32667828854467085
210613-01:04:26,31.034556937281508,5.7233858622286915,10.012293051297473,76.39522762833693,43.80003550864241,438.42893246900906,437.76467607519277,728.752947948869,408.02628804908613,1.8430863904827304,1.3330723099193256,1.4777157624536867
210613-01:04:26,24.5681495570602,75.96348649236242,62.745085375754805,83.7071011951234,43.08167230520019,772.2099298403958,929.7528689218791,733.9891680436598,530.8009029552321,0.3864082215823059,0.280815982881361,0.614616118546665
210613-01:04:27,24.815631495765135,91.97271128765595,36.60924992908975,40.06716883509468,0.38660276795049464,708.099142429817,827.135302054662,740.2960909943973,769.17015692948,1.2886271343067839,0.1679105763665194,1.2816132364960662
210613-02:34:40,8.355178374904149,32.55789627573128,86.03157231424223,91.54175736044128,31.66241766292299,921.7705765989527,23.056270239501075,981.3314514146651,808.7121803540582,1.6942035747661255,1.1298537118202157,1.3026815681283272
210613-02:34:41,30.850259852868497,2.086642922411319,3.399801169362171,40.07328620298276,82.19916166992142,534.5750861522195,621.0170676205519,926.2793406726156,671.9914499404541,0.40868833101828184,0.8684075682615373,1.9834477220433289
210613-02:34:41,63.78367344373675,27.255167872148245,30.0160033542199,79.55119988030961,58.97776043064188,776.6814178358013,963.044663891742,863.5553083559536,301.2476083692558,1.904068343505868,1.9833804331763796,1.8035085216139195
210613-02:34:42,19.192859759406495,20.243266585949616,60.740605256300306,76.7173679527117,16.97961877155416,772.13497197572,868.2243423748353,859.3002319556426,913.298052298863,0.9868433284712208,0.9423793230599327,1.4868870808116257
210613-02:34:42,38.85629754111249,28.205070303479996,8.131826753072879,43.426332689969186,93.65740324222512,681.0129186569336,224.43112199815653,879.0122240904245,550.7662599424701,0.3872608434404956,1.2302529354193048,0.7494834365642706
210613-02:34:43,40.357161204762505,23.582168863056584,94.06473849131044,24.732457968960485,8.867209350781092,654.7576061200808,745.3252880133307,970.235529762742,662.5919085793371,1.4294218319187684,0.6946478402226739,1.7371996763110351
210613-02:34:43,40.3615518325488,37.35606851355161,62.58261444883249,92.8644152868236,54.19094563580822,893.4541977219907,400.2638428675238,97.06159513179891,938.9753060134008,0.00960187057650197,0.41001075895597827,0.17897622161706983
210613-02:34:44,22.36751721813847,23.34441665118393,59.461807310627044,41.36672174088175,60.22725932431817,392.4136618476117,751.0670045187362,838.5750168344081,403.11951588572913,0.2638534991234829,0.014788117609232154,1.2068647879773455
210613-02:34:44,17.476188197934334,2.315971053025989,61.93728919761797,77.1761368588256,76.61747164687634,346.73987816780397,177.5036797231122,568.9981055263348,543.0323718038813,0.35657819984841166,0.3430642725089301,0.3719973686727531
210613-02:34:45,66.15892208042736,91.36305279671923,13.735244664686796,92.73542574918487,36.92472727578925,937.0678663161397,148.53069824858756,653.8871271864216,294.7294593440759,0.9267332793423801,1.407882017593509,1.800649787621996
210613-02:34:45,5.368367577060323,63.95665643034696,21.31552135458704,92.89748403357618,60.49304333858302,111.82126926863245,547.9250326232374,288.03363129875436,730.1752053538586,1.158354595615153,1.7753501193692744,0.3117223330239114
210613-02:34:46,18.811687925097456,75.21305161555571,59.98734210206565,67.27675494550851,35.74901707973466,287.79174032664156,53.838981524526375,250.248158923157,409.05190933947534,0.13470308496596894,0.6410762097507425,1.5171812322279619
210613-02:34:46,46.96385272433772,60.98924310122692,23.126572245945255,26.302760369642453,77.14610923428249,399.66118708169085,942.9557383967528,957.4266558639423,842.7498376164739,1.0948399911161804,1.4427932524199607,1.039461464682719
210613-02:34:47,25.198016356961073,14.119395939443324,35.20626169994081,5.335310119935022,97.04866877527068,37.85573397661513,684.6099193755294,268.4448021783602,30.166637036712295,0.24631496918286966,0.764919275654169,0.20640707597943098
210613-02:34:47,53.111151359779285,43.48005284525861,25.93364680817867,9.675498193001065,27.09508871265748,843.06278408801,199.57491613620215,340.15842713926713,102.44552098160908,1.847126155608728,1.695584323820235,1.2233501115661705
210613-02:34:48,36.502996825539505,76.8410807155741,42.68379265878865,56.78096769698405,66.8924227470104,289.05427125578586,141.45917525477802,612.3492103458277,211.5473958423104,0.6884212974094581,1.0541696638230629,1.6221682845902903
210613-02:34:48,59.12537954303132,86.70689878071246,99.35044546305724,87.32019928234767,98.22578767033336,895.453845114455,904.7045906690897,815.9087145128001,269.5356528595887,0.5949918397834506,1.3720261262832991,1.9421414097867928
210613-02:34:49,57.76136392928511,58.904725664979495,92.52323187740316,76.99053655132614,8.084319459686318,288.8037076814237,812.1115568412118,175.13677855289333,677.4341970665954,1.5313872642991535,0.5902653244547795,1.5714632925307674
210613-02:34:49,45.3473700614952,40.84054653907337,74.74801964658523,5.311557882785367,4.114715252846057,553.36890475212,825.9598259872037,122.80019860394876,172.96351203304562,0.8592840583968293,0.24798665043072576,1.1284070909759427
210613-02:34:50,1.6413491508688582,15.973612670131354,78.55165614400109,19.0972390541562,67.8164276493577,238.1933188319172,201.3260137349694,65.84965415471444,437.1530918230022,1.039384803951386,0.6710348404378934,0.9405499087622979
210613-02:34:50,31.891403173385406,69.68748607274291,17.084174719847855,6.633074337324474,26.91584518965704,882.0355578843662,298.7442072664409,312.34684409319215,298.4477667938602,1.8056401955029884,0.20654939152263152,0.5122852473676895
210613-02:34:51,35.29024132172871,9.748332863045128,47.85281621981527,21.38823521670894,18.021879942908157,481.2420257800164,228.90758593113236,779.0447274072485,38.71261316213448,0.38803365857406136,0.6830108835465163,0.8617562267060548
210613-02:34:51,68.93481237722531,60.77858724827425,32.38215148373804,28.086003963254736,59.47380005091822,678.0625641529034,314.1151055618565,147.83173814803462,828.2959418172318,1.9874737560499862,1.8674578529373596,1.3602841384018463
210613-02:34:52,50.79590862032098,78.60910045210049,71.0751494864581,8.53227614136227,2.0393912058431662,756.4653277848794,963.5740471955679,91.74084971705798,165.89215479228847,1.2770404912336304,0.3499663411941747,1.3459219366301125
210613-02:34:52,8.67737182333715,87.39746393353053,15.218978092787571,59.639814491007705,6.885125224542632,586.411814731097,521.9400717684047,336.3964728026242,217.22049701800117,0.8483840260167166,0.3755075438961293,0.408207146432767
210613-02:34:53,33.12343062272975,31.591511602835652,70.18486546416133,25.09113530095053,22.855338091519673,932.934574019109,920.4749756964038,934.5249269325068,758.9319679479563,0.7368377679041316,1.6802839238401068,1.1711341093916352
210613-02:34:53,11.942433645160849,12.86265966408273,95.82646605719215,2.2116312432723717,53.01988199532352,847.841948251413,713.5689589958337,425.5239154541639,956.5729168431972,1.6170312081149891,0.3219077439317397,1.4790092367224648
210613-02:34:54,63.99873756142093,6.89560660614259,67.48355023633442,44.721703834930985,82.12458632470661,743.6296919185359,132.69805306857296,836.9446508502537,398.8275256015529,1.8191624444401657,0.06683078098134199,0.6289845235064517
210613-02:34:54,19.416266739113357,11.637986525672394,59.830736683136166,96.73001256484868,48.18456484120194,926.1778605292419,954.6342323374728,12.283392673499204,199.50711777391973,1.981859849910045,0.4488251541295223,0.20072443494011805
210613-02:34:55,40.84586007551783,45.035499848377015,69.18158123390751,55.84232506027789,83.07997604697135,669.3282579382909,678.9398672136534,207.06787336162756,213.1794213803042,1.4183318228297153,1.6022840618206473,0.9903228733318181
210613-02:34:55,38.75883558304981,93.41164531902754,30.96479552364467,85.18347682592716,61.920939775790394,896.5182496814981,748.3609256520346,21.792390574435494,286.85839685799607,0.9011901370727196,0.25475686332366676,1.351107216328924
210613-02:34:56,55.89987524758836,91.87179141467469,78.47340189483035,82.81567414215276,8.453304755473079,885.0884675408437,247.74320830117824,890.5479340019301,502.1928097650928,1.6851301740633549,1.634285698235138,0.9103280533014035
210613-02:34:56,69.60744823165213,38.410708239599956,84.61913339277622,83.40120392905786,3.432341150910423,492.6273250141827,192.26182897009193,704.5747103501549,619.6591630781496,1.381172062601587,1.6065623025106788,1.8940993877358667
210613-02:34:57,32.11740848382578,35.147000692018,98.25618786051493,14.542028246144545,70.19002607130427,84.7250376678621,73.2941951891728,838.1643115899458,532.1916381817675,1.3006076801293258,0.8630056776420769,1.6801073846647765
210613-02:34:57,34.04669492744912,99.19662074829164,48.838929139594065,33.87927604109879,36.58603193922926,786.6732152290432,614.2980629476556,904.3887936557263,848.3572893844777,1.5842689938990988,1.1902977200167215,0.9554736991597721
210613-02:34:58,48.395114894190684,29.301070790452364,58.48806396938291,53.645808191905395,2.784992866301139,760.8099172791954,241.49726027596964,926.7541255738175,383.47985836591903,0.45468931843206484,0.46973835862232227,1.5120985830823475
210613-02:34:58,11.690027773715613,85.56604841562235,47.786431123547544,57.817996101783905,6.4049627051441576,484.4033591248719,766.7026374989392,58.097803609575614,110.29729741427575,1.0442221903053674,1.907271731463163,1.786168216440949
210613-02:34:59,31.72109875056441,60.823715765934026,76.49871183990857,59.37911150682977,15.574714968782066,874.0479199212579,319.07017226729926,237.16329096588618,691.5061519795876,1.0542917898216646,1.6715367939042338,0.34620295518548216
210613-02:34:59,44.484913707171806,57.312532029695795,51.927406383229645,3.867180910535062,23.80656937947274,945.1620048132786,722.6948144945395,700.7884118219228,7.223503596924252,1.9652931588673166,0.4703918925103414,1.8526930402811208
210613-02:35:00,53.95145132593879,25.786388155100802,96.55176438583112,55.62330667850779,53.64206023013244,434.024435167511,216.64272846772238,428.9550194431776,939.2375283339627,1.7875889177624589,0.9738909983284851,1.3558831267809237
210613-02:35:00,11.888065126960488,2.6315439304014143,17.1039819329714,95.32645149402789,52.73822518235962,36.81085535767992,602.470802705896,875.051672179308,266.35511206843967,1.18029365130534,0.3376111369139856,1.6534019033249372
210613-02:35:01,9.469661217273908,13.711485554445657,21.98627999234819,27.76905151969323,59.08525774419231,706.6758006851868,834.4319094089152,404.1002885092951,228.40577384759897,0.6391084995442351,1.8046859655485112,0.12985895590594088
210613-02:35:01,24.62912197474136,73.33189632530882,28.74551683360661,9.741013733359294,92.00229608270955,730.20955214375,126.50920853309178,616.5183621740971,54.04149069672648,0.9942886135178695,0.6167176114642912,1.4046279176167729
210613-02:35:02,56.720313783872314,10.422364509749382,60.890402310906296,12.878864847540994,49.87443222093384,395.1716410298629,746.0658321910518,11.763430343007641,437.44934368336976,0.3974329425597867,1.2380126976781123,0.740282764834663
210613-02:35:02,22.047148660392853,0.918408743171073,62.99183991544689,20.81635269051212,54.886247623041186,461.6228768718373,643.108169097683,59.29294519150341,709.9240578904347,1.5190594487726703,1.4589562475958797,0.3584003620205274
210613-02:35:03,63.425785785868975,59.66267286637027,40.18249412113506,5.575917107590156,82.19072317684238,345.7388924288082,255.89491779223593,646.9079704440251,761.6807173453656,0.14498023302394136,0.5739856237146341,0.6894408064625708
210613-02:35:03,1.2915435720341284,41.033209756805846,12.615778927362186,33.544378662562146,94.06954216045736,737.4584957789452,744.1031919077268,586.7681593582855,64.96035294985292,1.3140049538507506,0.49620992863391833,0.3301862550451451
210613-02:35:04,35.3261996282192,44.90456374095836,29.41135570101273,70.60760116648885,22.248974381860076,368.18794028585455,666.9117517874865,587.2905479872771,58.71730450637958,1.331022641325641,0.12098205947308971,1.239426782437804
210613-02:35:04,23.246552819405874,44.135700227050634,41.20980883075849,84.52209069169592,48.8019418229374,145.1605810365272,606.5320804056008,716.0084569562642,896.7725490683586,0.37229794682933837,0.9768141498421552,0.70729054912125
210613-02:35:05,14.17491099608625,19.470134953585404,94.32222997115706,67.19637387319747,38.98836022303465,455.268285735501,20.347162137858255,853.3793234124673,140.86975286940208,0.3281405717483088,0.0365851522346099,0.4546883985561365
210613-02:35:05,53.469062645294635,78.38845459473295,82.97957871627717,58.091949719128465,30.624179142450526,161.3435804904344,944.3420941114975,48.46188182869127,741.7768060930184,1.5932703555981909,1.6588545045074594,0.1083284808598668
210613-02:35:06,24.784749387380703,78.39069844828896,92.09833097862258,71.8711064788814,71.79696171745053,278.05824365746867,319.87690222592414,743.1431763505732,962.779687691036,1.60355365671236,1.4566268238453746,0.8095618817514234
210613-02:35:06,50.64636725879942,46.417143579941325,27.614000018021613,31.659427458816914,22.09459044303549,833.3324213350068,996.4992618858423,48.50805094481969,614.1351115976008,0.18334385964248412,1.5542613180042864,1.2505662536606414
210613-02:35:07,64.10215881545429,24.64561346950883,55.707480391451966,8.214520539375103,28.538448099373937,649.668752124449,471.5827664553548,85.87862604047747,251.50459464227703,1.613353662120156,0.40608824198952487,0.9736174438770586
210613-02:35:07,65.18005937794143,79.62148722941012,30.552314306656967,59.80870576216688,75.11783798573087,314.3011936520259,542.0037435937639,667.0168764611047,985.3969840820412,0.01051554255133369,1.0787664621491018,1.0331215875021844
210613-02:35:08,4.0774386899646515,52.89865555894075,92.61293231672286,8.636807542791058,50.254281173659145,986.086484181197,109.16274609959498,491.2688068479878,326.1769293855987,1.2387380874178937,0.4439838808302736,1.9747521145709448
210613-02:35:08,16.257171269815245,56.596589489565474,13.45710222176656,28.947506042033034,70.90471326269946,7.545222479324654,272.89232252864747,316.0210704062427,87.4719760982825,1.1595338346159558,0.4174938747066457,1.5862169120253282
210613-02:35:09,15.063994137124277,36.24180327310912,74.9367883309054,41.85369665548486,87.4968759825121,77.88268532420217,998.5735197977436,999.0989981865469,241.28264575754076,0.14284358109054685,0.24518867120503107,0.35233510628700904
210613-02:35:09,10.164908652862465,69.4223147594753,79.4090325728843,32.846657299178304,5.528226369404809,71.57163647666897,344.37320543661764,763.5645844530131,242.58310523785687,0.9521201302136533,0.8194292000589103,0.21233152572884917
210613-02:35:10,27.114808146669727,8.037949779702103,28.207331726771034,73.67755154813975,5.514667907157156,87.29523296502938,320.1644394808635,123.27429842419835,494.40070696185455,0.5376109294530043,0.3542964905491901,1.8395780641663075
210613-02:35:10,66.35833471444015,20.360329100949603,92.71922408173467,53.32779179891926,2.841755901419385,722.272518103967,880.2816171446527,12.980745912939184,186.62381255937166,0.9060775970928718,0.5277350496561171,1.0415045036763941
210613-02:35:11,6.94187291161397,26.23581309988394,68.47248708974682,18.96273489310615,63.676803701217,961.0211169251812,267.8252370496653,607.9339826567425,83.29875483598248,0.6090490282178331,0.6745511342210679,1.132119151624298
210613-02:35:11,23.927748820382103,80.95944492655526,64.57859604059513,36.72304222189972,78.58224400598633,77.05444783711046,672.9119595080726,391.34457900665376,814.7738162050262,1.3644575789266495,1.1976998414242537,1.0746063324763497
210613-02:35:12,22.2045334435542,5.485285851664045,64.21020914080329,56.62351253547835,96.69840334796447,63.84239725142893,89.299732655851,759.1720791079091,603.0221244329344,0.8302243634485551,0.12932037074279212,1.0724422934162512
210613-02:35:12,30.512796350542978,97.38898713814487,1.261594998498572,39.456606196710894,18.941756754527606,312.9601676626986,896.6560656942577,302.26735680954306,399.1357050773062,1.2938330677160332,0.23461311708543753,1.428730161937178
210613-02:35:13,54.56754711151557,9.552161408182169,40.134332460019436,91.39812152165668,65.98248365527918,682.7623451254515,824.4805099975994,929.1082299591748,823.6647063784166,0.6979138440820141,1.2909143800915002,1.643876506560372
210613-02:35:13,11.857915190475063,53.65972192128816,42.80539355435816,10.261717574776796,9.111553642655801,534.1739827098461,808.3249643281423,702.8271094754216,413.39512187413317,0.4891770513366742,1.1608793528121635,0.6016408096830261
210613-02:35:14,35.375141265069836,47.48696939552756,56.90035063927685,74.91639499828696,80.4810523883213,247.7942475649807,479.20980133880977,754.0952417758239,533.3843994095622,0.5482857556545044,1.4934142578169813,0.557153052700998
210613-02:35:14,23.300726168640256,64.46478666314749,59.217446508000094,65.35171418562719,40.58430212243997,749.7496771772513,957.9368881866493,763.3339802284332,695.5706442242428,1.07086002446438,1.2775862180976243,1.2626394396755027
210613-02:35:15,12.253389311596214,65.43580302595426,63.10491672049463,91.09376551879434,24.50288215919114,293.5075741206996,828.8626164818436,174.09088751498768,195.88943897402478,1.4451070191319084,0.3697994632072097,0.2780555582937274
210613-02:35:15,12.730930807191552,37.00675294359402,67.90344197210311,74.58351433934817,64.31505726813646,654.6271692613674,199.96956422755673,664.0359558089167,880.4025725534252,0.5021891433478642,0.19286298636809596,0.5206390318535647
210613-02:35:16,37.60262480469002,17.508849839989814,95.16156213090139,39.28420903637283,11.444580637541579,458.86025832505226,615.8017597898659,186.04347282814481,121.12938789128991,0.4877482464726999,0.8159692380781236,1.7768371908614307
210613-02:35:16,27.946925719090338,24.181833582961566,58.008712038371534,35.81726980544374,31.353521076235545,409.8513722309778,766.1922698208353,887.3051968026977,416.52208139676407,0.6788191159803945,0.9124491590086046,1.8487043326041495
210613-02:35:17,8.306058549038294,94.8586112170128,71.20020675990475,15.832604430906516,97.27184081788612,446.71347508077173,615.1479395790537,578.918728667985,734.9507402418232,0.18454220951947642,0.8260873846272372,1.0256803931602805
210613-02:35:17,27.233157689162347,97.57704314746024,4.639485937972232,68.62208091832863,49.87542650285638,173.87345950786192,955.961208435606,268.2426230549321,406.64439018920893,0.9264620224843148,0.24332660721798938,1.4117294540081187
210613-02:35:18,50.458401336566574,9.913394980978019,31.676420057505382,55.54582684401124,55.96768918248305,919.3693893829422,321.5726979857563,890.8355094843737,583.9907954283515,0.5206217321648916,0.008950662009637345,0.9080287559623217
210613-02:35:18,67.82888404129905,90.32148616011901,68.28805441778782,80.17905835002145,98.33053018235948,477.28674464558776,460.8563789970599,853.2017665140438,443.22890371819466,1.6423440527989652,0.8042916546904824,0.7553876840256022
210613-02:35:19,5.308253514454923,33.51226323548405,50.51227472146087,88.91694854999305,78.82809301976611,732.7007865333378,278.51290245790574,96.89497404258663,226.9181374182605,1.1680879436912177,1.179335925270944,0.7210668223608909
210613-02:35:19,7.630106633402058,60.858871398538405,73.53358290058462,85.93697556582322,45.02353531850301,547.9056637840338,978.9392543403153,909.4447904663115,44.40848511502404,1.2138690957476463,1.1846480155042318,1.4416078748021388
210613-02:35:20,24.411200125336336,73.52145969161249,64.88154118301375,66.15932232738953,4.444282423299106,989.9319238601688,127.03310413759095,466.47396949035993,863.2953137003416,0.1237245927003845,1.5511895855922277,0.6665958828826366
210613-02:35:20,69.90527037833516,64.82008987821357,30.124320630988144,40.25506819231014,61.274916523434875,422.8759285530056,95.75003241351654,790.3238272147389,642.4263468328617,1.9096325787848412,1.8636152046432128,0.9628662935193215
210613-02:35:21,13.936468388427466,53.04358586653039,17.58559784586595,72.64123082643314,27.002134456042736,487.2461041885276,658.9160362430479,795.9155145347726,178.60959834636515,0.12486325779420371,0.4707663192764586,1.2051978056790513
210613-02:35:21,11.572390853595156,1.4307388647489372,2.850558269186343,34.97315657927697,31.22975445664984,930.9166584983927,850.9975267924194,758.17071693419,45.35317967834018,1.5902389937855437,0.942350751036862,0.6332718818283374
210613-02:35:22,1.294992075533149,45.24008019910016,69.79370565439282,85.71363815320458,77.67019970755682,289.1604853942064,97.33902041965325,445.514522582242,259.22957381474964,1.1869589339259208,0.20100105409704772,0.26218488940387563
210613-02:35:22,36.07300336502878,77.77355349444328,49.277089886627024,97.18446710671803,17.10546087240372,188.47940694436716,636.9084617972146,715.9656115599129,407.46846384688274,1.8863906846517196,0.5254035363916354,1.9431781149460614
210613-02:35:23,8.126704162173962,39.336939399275906,78.6245568481043,42.530901045901345,70.92897127592697,781.7253896541214,721.0680434936847,577.5354808093706,501.51039170975054,1.403561446130142,0.5709754870884449,1.8754917541955953
210613-02:35:23,46.260690542504356,14.111217250054619,44.65296656912946,30.679089131878044,98.1606524958346,600.0398158619805,375.42749310465916,657.9442549107396,541.0467585649285,1.2940734720502272,1.6655927013252554,0.1857592401880539
210613-02:35:24,51.083570048414025,8.032028586672135,95.19309580356318,82.82305876791958,0.8828129417891017,795.5766698999537,163.36494788193423,528.4812003989815,751.2182836147126,0.5523638467724086,1.863441433959158,1.2237223817668943
210613-02:35:24,9.031380247741248,77.63406874996186,47.662568598414914,86.19831654165145,60.157792336564775,708.2741779642613,376.8320788784577,339.4620115571002,113.92374558260576,1.063645000892502,1.6811526390601055,1.337887398738812
210613-02:35:25,53.578809333361995,11.90695007244129,6.307471143959631,87.87266044357963,41.7416879830605,72.90982300613157,776.6182116184735,852.7234059786678,351.76214093082825,0.513805437945261,0.5190808820292943,1.921180990875095
210613-02:35:25,49.30539822513347,91.22514758651717,77.28263128009537,15.843608101821271,61.5965942142464,334.87094104944714,184.00491319932422,520.9003008394433,317.52314056507447,1.052811225723699,1.1503680825036062,0.8482412733464848
210613-02:35:26,65.37246335031679,36.248750907540796,52.072875364338024,96.54813492066091,71.87416770946804,303.68003209587147,687.3595864045103,880.8800682007567,481.39123265472585,0.06653096130727754,1.862466353656732,1.2353869009185745
210613-02:35:26,32.98815706457755,46.80356429694172,95.5912127336739,49.4429942035308,66.92451060265661,36.06498476975584,782.9555289623908,26.132563022233768,726.6022685804803,1.1870744050219055,1.6822303446395968,1.6410418979473362
210613-02:35:27,49.36694670248811,59.165471704310114,59.30015686297354,78.50354560720062,50.81069561486304,175.64809938091042,468.4180894707138,42.94523791492188,273.9000191183423,1.8596430879062629,0.6672731090648487,0.035836349150314195
210613-02:35:27,58.584761620899535,18.11058362548259,92.07884884744513,70.00416461248416,24.201083706131232,676.0882872424542,420.1646717450801,653.7343104645819,753.2409344319857,0.7721193088525369,1.6212015460436675,0.591721678534757
210613-02:35:28,60.98693110032424,68.24494721593307,44.150825358387955,72.2458171233745,47.053843020348154,225.48813283496617,977.8580712934005,958.379802684183,346.85993497060963,1.4959424729915123,0.45011344489679006,0.7716755031728104
210613-02:35:28,13.989372467361456,60.917268510925226,85.76305604530967,4.635675502270143,59.68497835232951,222.38288272597106,686.0221949150422,575.3844932654853,939.3306874786621,0.8461863926733892,0.12063909145602403,0.6194214437327703
210613-02:35:29,60.614992177006584,21.016314394573087,6.371608332621204,52.841546810217125,14.146846794870704,842.4986773408892,737.7956082778645,766.3107032960364,844.365570390934,0.7201357979959857,0.20723879669867729,1.9096698954328641
210613-02:35:29,28.386512190602375,12.102923839237977,33.209784988370195,11.784757227020936,1.4938962963485403,219.3381900546323,35.198608168887425,403.18061638280625,100.58575610653764,1.5615526851839794,1.2338985227085844,1.8175675544335663
210613-02:35:30,44.49560373947974,12.147432087562393,64.1711000629775,70.54214775840596,13.434386478361759,497.3207462471515,454.9105681628185,568.1618007833472,944.113933503658,0.6036182436489981,0.6720628199365821,0.47247446702048457
210613-02:35:30,33.23584629641317,53.136477091033015,18.546993147861425,86.75721312251595,10.773270944356028,16.14199314100906,9.673884221576333,493.13447949689413,761.9787315809862,1.8950196424593964,0.6750859346627547,0.5709203340088962
210613-02:35:31,42.87738415086877,10.963852846353006,0.23715700297231024,59.0751087542006,78.7367327751748,120.02752264524008,221.6272071926141,16.973411944981144,432.48515531250445,1.1773955131548088,1.797017163077729,1.5421877198814407
210613-02:35:31,23.15320896978525,38.6882367593097,6.858874556103888,70.77270709075462,59.53707176254171,665.2616626702317,310.3119674596545,989.0866008195543,526.015682350815,0.011852572378048931,1.2611025668936422,1.1236354770600474
210613-02:35:32,33.74288355458042,85.17847504715202,66.95401487750502,48.73801387980159,20.62191892037174,756.6932964743534,714.8412892814302,177.88480738838018,788.1914649857853,0.5455635191429113,0.912006261081332,1.2688020008771628
210613-02:35:32,47.57411200296995,93.96315964890792,42.867194184637015,1.2039852503097026,60.52010788282847,759.1955564196364,693.7524178640696,753.0250592002301,359.3581917089256,0.745301700193743,1.7913722169875355,0.6362099424949736
210613-02:35:33,42.403993836098145,1.2432218967845743,33.16242474564327,4.799114064186705,58.32937687469945,104.2334479022552,338.359358762062,253.50425863155445,741.2902660775272,0.03563662225236075,0.6694255237929347,1.7005297418998682
210613-02:35:33,29.770469670569632,15.937542760134093,81.19596384017012,56.70558016636112,77.13120296458871,271.6887389631735,85.48835759000251,609.9524468667048,787.6374248544871,1.2160768561458861,1.459706862404275,0.8168488122497468
210613-02:35:34,53.752812017371795,76.4690983606853,71.50839582680244,28.86322513649161,73.06149856780031,962.3974272942747,79.78043451533001,962.2653113464435,346.40126276598016,1.4941880170108353,1.9350427173893863,1.8206057119943517
210613-02:35:34,31.44950331089681,61.359223466340666,20.678398919582154,82.45546367723294,85.10099420374722,902.5510711710215,599.7350700700573,872.8614920762569,391.48458820989606,1.9020737139084458,0.7989981981800509,0.7308989640300088
210613-02:35:35,45.72017137344646,71.29669338983024,83.55456402564828,60.813888287246996,58.56616616025229,323.8028833935497,658.0076242568658,686.4713148475946,148.06887931482737,1.5257736883228197,0.7969647829871827,0.8636856529861223
210613-02:35:35,66.49715334144133,75.62574600849683,83.18468444469958,9.553393576432489,91.20138192674197,966.5953334592319,832.1680628873859,212.13544267520555,497.99721358776185,1.2653063428577245,0.10106946249242332,0.8897205047266685
210613-02:35:36,14.76784056819776,51.8202592792971,56.80384473431184,96.22745657378908,9.51614699657507,645.636872818041,599.2391802438922,648.015666342341,916.4665997975311,1.6910839956592225,0.6238555257963834,1.1022839312556099
210613-02:35:36,11.698020142397276,67.28958257277527,65.83089221582419,32.69844717544367,79.11511173621338,54.08875385349643,999.9396115535154,303.64642039265175,44.90334107692506,1.0757613941202646,1.5072001106973627,0.8206987695580286
210613-02:35:37,27.89483555748536,84.91128451008207,25.04596892604566,54.29921876547586,46.88192979884596,998.4355855171215,355.99817336646265,239.11691749471086,42.673876478080295,1.205288088372342,1.498645033537868,0.8762196744947492
210613-02:35:37,17.11769961826724,86.25380619923915,24.293188444552726,71.6537957880686,64.6294431184302,300.9764296145231,813.396528945904,832.6790347275701,836.8450580723771,1.248567898169101,0.4470288811578371,0.5217804938114772
210613-02:35:38,43.82424528967373,96.54604403944796,25.032355727934107,87.21061488350259,66.28557139174669,337.1099809838948,381.135876513169,866.2728429956549,966.9801346914754,0.13649413612216232,0.9903204318222416,1.4965075579635825
210613-02:35:38,32.43571075115445,81.77597833642507,54.22915603375876,53.89619906474583,36.64622633537063,371.75399748454316,334.40449248666636,420.28454518576433,22.240189542367617,1.1927038096673381,0.75270494679669,0.3731204960458985
210613-02:35:39,61.863958045820986,26.853282595818662,21.215297857814296,61.570082026602044,51.8437042020635,459.8704083826862,190.65337043511744,302.29717231318875,140.2205639411349,1.1094593547451337,1.7023494755591062,1.178485779885073
210613-02:35:39,65.93768368697609,20.414595526577315,22.535672883699398,20.313666717722946,67.1401978539266,828.7541082094208,619.1034712424729,689.3943826662155,947.683980935966,0.9354838239269889,1.4762022071888783,0.05977018650673638
210613-02:35:40,17.145318704734073,81.40297950384935,89.81492625978443,7.993150835136841,83.64271513154989,38.874399955223794,405.7092984186921,802.3164682349513,882.0225876877457,0.2306682920655665,0.7188292642325018,0.7270298242778019
210613-02:35:40,19.55554700366761,76.10941243382419,77.5348384810073,11.88075217180563,28.6169897850712,352.27776949255383,732.5385161425271,798.720318248524,838.7461809970309,0.5164675299480617,0.34298853051181166,0.2772788353153879
210613-02:35:41,31.39478846205322,99.12463343419402,2.0989591804913665,34.575300980698664,26.84320534305632,939.7386662277485,273.31626531706377,589.018040145269,974.0221325159175,1.029668065226507,0.7459450921086097,1.9004264863884612
210613-02:35:41,62.53030758241705,0.6878651236378541,70.69569090532713,21.523008035020354,37.76488617441416,703.3178530323717,232.88522136866774,998.8775257533451,665.3959266404145,1.0244835411103437,0.6032210520653043,1.3248588774127825
210613-02:35:42,13.19401744515865,90.08610806875478,90.29735352056468,32.81360933269835,37.72279305002109,537.3302258551868,620.6918330743451,725.2111469641184,808.9185083533657,1.889979142307859,0.14293765051328688,1.0131533595547828
210613-02:35:42,23.79168677251918,16.7545442417257,24.620495334187588,26.539257009128292,83.67535123244055,758.6802258539021,211.85067622128494,911.3285409278026,0.24876036645737898,0.8223732293901649,0.7832969790439206,1.758712430958636
210613-02:35:43,30.317010713275295,98.0342906549659,44.71121164183746,72.18869592140098,47.97655438487549,676.4811477116949,266.7525482239149,224.0239577723051,492.9400902330088,0.8586338558723847,1.2234238096359151,1.3484635672611551
210613-02:35:43,41.81643833876001,64.30000545431209,71.08912106848595,75.85891956476988,67.5270083676452,396.35042294038004,631.8138999395176,521.3150435139275,697.4905086026748,1.267065331984727,0.08891197717937516,0.4126201555565441
210613-02:35:44,53.42354506564977,82.71200279769914,50.186159148349994,1.5359927307071808,11.017231337704569,742.672658704467,698.0255117704033,187.62181817175505,693.8137498448858,1.1189707065980503,1.7150434860776391,0.36271554186677113
210613-02:35:44,66.15923964298946,82.33921881160826,91.560021471174,67.48801395173385,21.424578270210926,408.6512301507868,669.1537968825365,467.65253102350545,622.1458523525622,1.867939331664101,1.2367262226331999,1.9298059928646443
210613-02:35:45,28.083275145360478,31.877587039063638,67.61577151918439,55.83601328405514,21.182716899489463,138.14757497056962,327.0944515293882,195.86555207145108,340.10294830028454,0.29555719019801097,1.8794560174274246,1.5574469510255053
210613-02:35:45,58.51741632631804,16.140996358065717,14.811977947151622,87.9481991810257,32.87020735156745,269.1641632130273,113.06838021220211,250.1693357245598,873.2558480617968,1.9402243315077208,0.8664786697599549,1.2914936904090724
210613-02:35:46,66.16108410645731,59.87696711844711,19.118959914365984,45.00880863939985,65.61409568999652,115.88240058029665,750.0957005721244,408.04498584069484,278.8883562706911,0.0568574568149427,0.6896257343762164,1.4632870326910685
210613-02:35:46,43.765548674948,12.662887869138139,71.9708571547426,90.69263796081432,45.92530302746686,52.712612398573164,126.72511836804156,283.6709164538189,635.7843147535107,1.4094320371628413,0.9289494097622581,0.9471440615706104
210613-02:35:47,51.62178073943662,73.24559548339838,47.05554905851586,15.547085572542962,47.414888979883074,431.77851588813996,33.54058779327917,256.89904698668096,120.14058115301351,0.7949869487835113,1.187089533201411,0.7701220558315727
210613-02:35:47,9.010940598766233,16.849707824198788,24.49325678425004,14.099386470634013,39.65470447981059,678.7814908102351,77.28964049824327,812.0166586050473,244.09974680038582,1.3400368333369261,0.0284400389538102,0.9491733815558814
210613-02:35:48,6.244262853778183,50.40054346395617,20.429739037352057,39.10513412456768,30.724020744107648,715.9110769641682,183.6911994723358,157.43343836415502,760.6634048574358,0.6757524234674517,1.9359726189867523,0.7589940607103072
210613-02:35:48,9.978203404733314,40.89848323322608,47.9494169966493,92.24496188851862,38.67667476684918,736.1013773756592,818.0310727047806,894.281491650665,610.9495167989783,0.6614680936450028,1.3929133037587873,0.42682788308270814
210613-02:35:49,19.592736926695537,80.93018831902258,37.34651176680027,2.9680886832328945,70.22427339098284,466.2409762322348,531.0399736794975,377.35272491128813,811.3707350292476,1.836377263022379,0.2893190808096666,1.3010775382022224
210613-02:35:49,48.95792618966974,20.198676397723915,68.902533639502,4.538394391401868,49.31097567028735,264.6232169241186,305.2339167658966,44.1721869153765,716.7415414785468,1.981366213286019,1.9377493751239216,1.2335805787409893
210613-02:35:50,56.561254927732975,23.304159683466953,16.771352543278628,83.1679540079955,22.787134337608762,541.7117808385804,155.35720411310282,835.4230113492606,909.9829972106558,1.8785844436316346,1.9683985247486202,0.7362239662146519
210613-02:35:50,62.62166052611067,77.093072277136,93.14110623901054,72.70861089760189,9.131029477238783,585.0377836053628,449.363086210122,67.91088183624395,428.59979618621225,0.25562283074261316,0.9629643195509268,1.21689553991839
210613-02:35:51,28.425442503843932,80.29462490735187,8.733501376739472,60.07800910379784,5.5847070088520745,963.8161058981362,586.6592779095919,688.4822290667715,309.094220390254,1.68548584814145,1.2916743581976111,0.5420026822952348
210613-02:35:51,61.24839606846174,16.488196215466623,78.86882222268163,42.85912815682556,5.609913867688077,476.974516082311,432.77373188297764,879.9329919117139,665.9545936166991,1.7732939086675206,1.1925546203917128,1.4159770757568784
210613-02:35:52,8.928470346759493,69.5216650216815,74.29014234992292,78.47604530339638,21.914700786498187,604.789704315141,77.09564477192966,574.2583972729504,281.35058676757365,0.5656029089318602,0.30213886723526273,1.000168921193818
210613-02:35:52,4.643547749577168,92.45118899895792,30.76580016985505,70.603572718567,33.658933771854905,6.365146769958585,696.8807755907833,822.5171279836098,385.01195298225866,1.4991485501367368,1.8282331750188683,0.8109803141765912
210613-02:35:53,58.85447622211858,97.27714480210146,43.92965845630459,97.9161430803712,80.50885099720979,151.0078699544316,355.4568736654434,681.606296463646,757.3056331991007,0.3127868721638769,0.9799468765022037,1.9692105798010247
210613-02:35:53,38.934719102909256,18.31006029114659,68.27276353653482,70.20246148478,3.5385031997564043,909.1493779532768,789.407505498537,354.61418662893,138.74702372862745,1.7657874684094912,0.26791258982010757,1.1687102280537247
210613-02:35:54,18.985375456439833,23.481210775766247,64.61979536146866,13.420788469623357,71.43477413859495,364.01109052885374,56.976660046195505,74.56164626154138,428.8478729605919,1.469552519468699,1.6675367232839604,0.09395733256260708
210613-02:35:54,6.716105177436061,64.47702660260083,55.047755353938896,33.160962137730586,42.021669493608115,853.0404786026047,182.54851366468262,441.331033532535,14.420150191688851,1.529302112350258,1.8471117587508943,1.436512528279312
210613-02:35:55,65.8085556010227,0.8154994277699834,36.00520175479763,92.5763152104935,74.06032257279948,111.01286064006632,551.7614703471996,20.603316235715873,294.3677699008477,1.4248209328329744,0.21146875408068677,1.945900640652676
210613-02:35:55,10.6723101235355,52.55939298879683,68.31798373516098,3.1582188717561577,55.83146511628385,457.01298920404986,423.6577288140969,991.9465930617906,608.5435608284947,1.5038319871460981,0.02288926388590551,1.7127281341023373
210613-02:35:56,59.82203691530247,12.535774414039935,20.235002145161364,40.750174135888095,24.648659686930042,783.4494677394935,247.43878795539254,655.6522953885167,200.2548888803034,0.45957718189582586,1.7511653511410663,1.5298308875915043
210613-02:35:56,31.516166632805437,0.8149248377132712,93.53909160724686,55.311406461626014,32.877116123404626,368.3753188370588,396.3792653952941,454.2274434679754,369.7959103085124,1.464303620903707,1.0492032876956565,0.9521700603487167
210613-02:35:57,59.508836402568996,95.23360931714099,90.43807207943809,71.076457309123,19.278345124935903,393.807741064266,221.74818229731952,73.22212110125758,82.22653800821955,0.5172863957274649,1.8210175485397386,1.5457549618163935
210613-02:35:57,43.03231616952116,41.20541530765982,42.277551192290765,88.33464051058795,20.228182551911555,747.9462993187384,193.38553094420374,251.16128254464732,861.3287290818663,0.8421623732320427,0.4418208228172398,0.30063384379925395
210613-02:35:58,57.234585944124866,81.39250558855578,72.95202856117368,42.28147506208529,88.55601078242022,747.8602878454423,670.6746060793369,792.6126440886452,557.7706213598495,1.908477243834675,1.5314828789238952,0.27801897966428313
210613-02:35:58,7.152212617901377,49.11521962385122,7.143115312895743,93.67788170077873,50.69846933613822,19.79552944659435,61.27607348337427,885.2005913171737,425.9544103663645,1.0267162344470058,0.5514596643553604,0.04276727946747383
210613-02:35:59,6.448779333464728,91.28652777990958,72.43276939078615,75.49615474757823,46.07408038832253,778.3326272340777,365.789873250606,747.871564173748,413.3072659891186,0.9712651369164416,0.8386940870556068,1.168771014602773
210613-02:35:59,24.647114521635977,88.71440145018886,52.524684566029315,66.02604645566143,20.87769501323403,770.7979528827282,718.8389242686073,743.1328321055231,419.54772363846104,0.07845493190596464,0.8311238522281925,1.3380494487106416
210613-02:36:00,1.196107501796777,60.777467641184934,23.203332956667154,93.02888002102961,66.05208139788277,883.220053763771,510.0610870776927,902.3452249559055,275.9916738894593,0.5574103589621806,0.28194861166227647,1.345008288147721
210613-02:36:00,68.34300047713,55.750481138277195,21.378021318669692,37.68553726109667,43.342634789831216,311.94842606130914,374.3241221738677,958.9860523398495,638.8013342009795,0.20917741297038894,0.13611212223969593,0.19922936153056203
210613-02:36:01,60.84659555554506,53.44199664017354,55.04613201959604,86.44006366327149,19.573276860286203,993.4507447935993,421.81666291764475,962.4006967077523,673.1714735439,0.4480695831777066,1.3940912186063328,1.3685294039045144
